,query_time,recall,QPS,build_time
0,6.828498840332032e-05,0.11693000000000016,14644.507136672159,10.998367547988892
1,0.00032410454750061036,0.4601399999999998,3085.424156222667,14.159354448318481
2,0.0008027162551879882,0.7043299999999993,1245.7702127457353,26.49264669418335
3,0.00111346173286438,0.8056700000000002,898.100015909393,39.46880316734314
4,0.0014446773529052735,0.8569200000000021,692.1960796221946,53.677053928375244
5,0.0017806665897369385,0.8851100000000021,561.587444703914,63.95129632949829
6,0.0020033323764801023,0.9062500000000036,499.1682916626253,75.03723168373108
7,0.0022999415397644044,0.9224800000000035,434.79366006078374,89.62604308128357
