,query_time,recall,QPS,build_time
0,0.0008825728893280029,0.08925000000000008,1133.0508925573354,72.96591401100159
