,query_time,recall,QPS,build_time
0,0.0005717375278472901,0.4166600000000002,1749.0543322653782,3.444375514984131
1,0.0010283782482147217,0.7538100000000006,972.4048536965978,3.9294910430908203
2,0.001860973358154297,0.9224200000000043,537.3532058469631,5.245721340179443
3,0.0024310255050659178,0.9567200000000046,411.34903682258357,7.242223024368286
4,0.0029122934341430664,0.975480000000004,343.3719927656421,8.667855739593506
5,0.00330692195892334,0.9807300000000025,302.3960082582589,10.87969422340393
6,0.003664590120315552,0.9833700000000025,272.88181410964773,11.883429050445557
7,0.004023810625076294,0.986610000000002,248.5206420421536,13.79567265510559
