,query_time,recall
0,0.000555196762084961,0.38501999999999986
1,0.0010494961738586426,0.7508600000000015
2,0.0020170631408691405,0.9193100000000036
3,0.0025596234798431396,0.9553600000000037
4,0.002987663745880127,0.9694600000000033
5,0.0033982279300689695,0.9764700000000033
6,0.003796828269958496,0.9806800000000022
7,0.0041153147220611575,0.9842700000000019
