,query_time,recall,QPS,build_time
0,7.59284496307373e-05,0.10804,13170.293939403455,10.817716360092163
1,0.0003258979320526123,0.44934000000000013,3068.44536785389,13.232859373092651
2,0.0007421848773956299,0.7032800000000001,1347.373182149788,22.842015504837036
3,0.0011126351356506347,0.8039500000000019,898.7672310161506,34.33727025985718
4,0.001457674741744995,0.8523300000000026,686.0240980802695,43.92398166656494
5,0.0017453045845031738,0.8814700000000009,572.9658931049358,54.55320906639099
6,0.001996133804321289,0.9026900000000037,500.96842097216665,62.891387939453125
7,0.002292141914367676,0.9183800000000024,436.27316167981076,76.24418902397156
