,query_time,recall,QPS
0,0.0005792021751403808,0.4000699999999997,1726.512853232346
1,0.0010847818851470947,0.7494000000000017,921.8443022436733
2,0.001982557535171509,0.917800000000004,504.39898074054685
3,0.002742526054382324,0.9571700000000033,364.62734725968596
4,0.003198955774307251,0.9713600000000034,312.6020084527598
5,0.003629826545715332,0.9782000000000027,275.4952578051989
6,0.004008151292800903,0.9826800000000023,249.49158026946589
7,0.004355839252471924,0.9857300000000022,229.57688336007888
