,query_time,recall,QPS,build_time
0,0.0015230634212493896,0.5839899999999997,656.5714769642924,49.89902639389038
1,0.0009861762523651124,0.6087600000000002,1014.0175223259885,53.61755633354187
2,0.000991039752960205,0.619739999999999,1009.0412589535697,57.16597843170166
3,0.0010086231231689453,0.8428700000000005,991.4505993657446,111.12032413482666
4,0.0009804723262786866,0.8755200000000014,1019.9165985596242,128.20725655555725
5,0.0009848740100860595,0.9076300000000018,1015.358299395695,173.5896623134613
6,0.0010008597373962402,0.9107000000000021,999.1410011172227,212.7165026664734
