,query_time,recall,QPS
0,0.0001519918441772461,0.7358800000000004,6579.3003921568625
1,0.00016546297073364257,0.7568300000000001,6043.648289198014
2,0.00013381528854370116,0.7609899999999998,7472.987659952038
3,0.0002455592155456543,0.9496900000000069,4072.3374921112672
4,0.00026494383811950686,0.9684900000000065,3774.3848171661766
5,0.0004129607677459717,0.9767600000000042,2421.5375360187704
6,0.0004657630920410156,0.978740000000005,2147.014259154607
