,query_time,recall,QPS,build_time
0,0.0008205902576446533,0.7356699999999989,1218.6349894895266,5.284801006317139
1,0.0007629566192626953,0.7567999999999999,1310.690509463537,6.139127731323242
2,0.0008198044300079346,0.7627299999999998,1219.8031181538277,6.226548433303833
3,0.0007774472236633301,0.951930000000007,1286.2609442323321,11.803656101226807
4,0.0008114421367645264,0.9703900000000072,1232.3737635653392,12.676685571670532
5,0.000846738338470459,0.9796500000000037,1181.002388301434,15.661764860153198
6,0.000894388198852539,0.9785800000000037,1118.0827310590148,18.727530479431152
