,query_time,recall
0,0.0001421358585357666,0.7444799999999996
1,0.00016962289810180665,0.7622399999999989
2,0.00016873502731323242,0.7645999999999988
3,0.00025153613090515137,0.9516100000000085
4,0.000266934871673584,0.9722800000000064
5,0.0004488632678985596,0.9798500000000044
6,0.0005174827575683594,0.9812300000000045
