,query_time,recall,QPS,build_time
0,0.0009564321041107178,0.3805200000000002,1045.5525234901972,0.19754910469055176
1,0.001108173131942749,0.5058400000000001,902.3860723341038,0.262434720993042
2,0.0015244333744049072,0.5808799999999993,655.9814399172216,0.36038756370544434
3,0.001764089822769165,0.6210599999999994,566.8645593285372,0.6043879985809326
4,0.002039409875869751,0.6437500000000014,490.3379216860603,0.5742971897125244
5,0.003099898338317871,0.6759100000000005,322.5912242472571,1.192211627960205
6,0.004190899610519409,0.6910499999999999,238.61225343836443,2.003084421157837
