,query_time,recall,QPS,build_time
0,0.0022764806747436524,0.20516999999999996,439.2745394654435,0.839329719543457
1,0.003480396270751953,0.32371000000000033,287.32360404004976,0.9685485363006592
2,0.007081861734390259,0.4637700000000007,141.20580682109278,1.5475459098815918
3,0.010038214921951293,0.5521099999999999,99.61930560116096,2.0946004390716553
4,0.01274499249458313,0.6026599999999998,78.46218822216015,2.7107462882995605
5,0.02434527063369751,0.7040000000000003,41.07573972153137,5.186060428619385
6,0.03622679138183594,0.7527100000000005,27.60387994232905,8.612793922424316
