,query_time,recall
0,0.00023096680641174317,0.37112999999999985
1,0.0003540847301483154,0.49182999999999993
2,0.0007296731472015381,0.5824499999999997
3,0.0011366093158721923,0.6380600000000004
4,0.002203296184539795,0.6643399999999999
5,0.004435518503189087,0.68452
6,0.00859896206855774,0.6933100000000009
