,query_time,recall,QPS
0,0.0001959972381591797,0.3723600000000001,5102.11271032221
1,0.000384181022644043,0.49315000000000037,2602.9396067450593
2,0.0007601253986358643,0.5845600000000002,1315.572406598463
3,0.001181215524673462,0.6425999999999997,846.5855545510565
4,0.002163499355316162,0.6699200000000004,462.21414281580195
5,0.004670454740524292,0.6890999999999998,214.11191319835868
6,0.008460121154785156,0.69947,118.20161693953837
