,query_time,recall
0,0.014957114696502686,0.8367099999999996
1,0.014795913457870484,0.8851699999999963
2,0.018281561613082885,0.9142199999999955
3,0.019388645648956298,0.9358400000000037
4,0.021587483167648316,0.9509500000000112
5,0.00530626106262207,0.9623900000000131
6,0.02778329658508301,0.9700000000000126
