,query_time,recall,QPS,build_time
0,0.01478290867805481,0.835620000000001,67.64568609454359,1.0514733791351318
1,0.014650421380996705,0.8828799999999966,68.25742236309435,1.6877036094665527
2,0.018059709310531614,0.9133299999999976,55.37187685611555,4.196103572845459
3,0.019115812301635744,0.9360000000000039,52.31271285889482,10.400689125061035
4,0.021601945400238038,0.9499100000000114,46.29212700394015,32.77775812149048
5,0.00517556357383728,0.9621800000000137,193.2156731790616,87.06677412986755
6,0.026757396697998048,0.9701700000000134,37.37284352759245,152.51843881607056
