,query_time,recall,QPS
0,0.01302121353149414,0.8378800000000003,76.79775756547734
1,0.014648454189300537,0.8845299999999954,68.26658888897751
2,0.01806602168083191,0.9159499999999968,55.35252960871858
3,0.019102319240570067,0.9354200000000032,52.34966432118728
4,0.02169434690475464,0.9505700000000104,46.09495756614988
5,0.005555976867675781,0.9622200000000142,179.98635052242895
6,0.02997782278060913,0.9703800000000139,33.357992917579075
