,query_time,recall,QPS,build_time
0,0.02115225100517273,0.2207800000000002,47.276292237429125,1.0490355491638184
1,0.023766822814941406,0.33912,42.07545988735749,1.1636574268341064
2,0.025566882848739623,0.4274900000000005,39.113098218357784,1.5386137962341309
3,0.026948654174804687,0.5116500000000007,37.107604465641096,2.309786319732666
4,0.030056015491485597,0.585059999999999,33.2712098941819,4.54730486869812
5,0.005231730461120606,0.6441699999999991,191.14134557035376,9.755661487579346
6,0.03356956768035889,0.68521,29.788885264229567,27.51385188102722
